[
    {"prefix": "rdf", "uri": "http://www.w3.org/1999/02/22-rdf-syntax-ns#"},
    {"prefix": "rdfs", "uri": "http://www.w3.org/2000/01/rdf-schema#"},
    {"prefix": "xsd", "uri": "http://www.w3.org/2001/XMLSchema#"},
    {"prefix": "prov", "uri": "http://www.w3.org/ns/prov#"},
    {"prefix": "opm", "uri": "https://w3id.org/opm#"},
    {"prefix": "seas", "uri": "https://w3id.org/seas/"},
    {"prefix": "sd", "uri": "http://www.w3.org/ns/sparql-service-description#"},
    {"prefix": "bot", "uri": "https://w3id.org/bot#"},
    {"prefix": "cdt", "uri": "http://w3id.org/lindt/custom_datatypes#"},
    {"prefix": "props", "uri": "https://w3id.org/product/props#"},
    {"prefix": "inst", "uri": "https://www.niras.dk/proj100/"}
]